Date,Portfolio Value
2015-01-30,10000.0
2015-02-02,10000.0
2015-02-03,10000.0
2015-02-04,10000.0
2015-02-05,10000.0
2015-02-06,10000.0
2015-02-09,10000.0
2015-02-10,10000.0
2015-02-11,10000.0
2015-02-12,10000.0
2015-02-13,10000.0
2015-02-17,10000.0
2015-02-18,10000.0
2015-02-19,10000.0
2015-02-20,10000.0
2015-02-23,10000.0
2015-02-24,10000.0
2015-02-25,10000.0
2015-02-26,10000.0
2015-02-27,10000.0
2015-03-02,10000.0
2015-03-03,10001.130091807046
2015-03-04,10004.018325104089
2015-03-05,10001.326837117298
2015-03-06,9991.289590083341
2015-03-09,9985.327204094265
2015-03-10,9983.93240074318
2015-03-11,9994.159561389664
2015-03-12,9984.877710784061
2015-03-13,9975.403390591293
2015-03-16,10006.664924466246
2015-03-17,10001.892517754213
2015-03-18,10031.314101087219
2015-03-19,10006.418871878568
2015-03-20,10018.374451688713
2015-03-23,10026.000533520879
2015-03-24,10036.283293564453
2015-03-25,9999.776859634763
2015-03-26,9980.638106726507
2015-03-27,9954.020861309988
2015-03-30,9984.148249012533
2015-03-31,9973.56664032911
2015-04-01,9966.629715465311
2015-04-02,9988.287244438316
2015-04-06,10070.69586265328
2015-04-07,10071.717479638995
2015-04-08,10101.519466620206
2015-04-09,10117.67307027955
2015-04-10,10123.025911740284
2015-04-13,10115.698552040629
2015-04-14,10100.672270535924
2015-04-15,10103.044746941201
2015-04-16,10095.871542286444
2015-04-17,10096.437193238438
2015-04-20,10086.884776271643
2015-04-21,10112.902472562762
2015-04-22,10175.935604800161
2015-04-23,10170.656675381679
2015-04-24,10169.599076214496
2015-04-27,10250.41053296249
2015-04-28,10243.885736177757
2015-04-29,10255.778387324399
2015-04-30,10217.528957450135
2015-05-01,10217.410716643955
2015-05-04,10243.652410825825
2015-05-05,10257.801840089689
2015-05-06,10243.334660873594
2015-05-07,10279.538912368489
2015-05-08,10278.469831827113
2015-05-11,10294.512699767345
2015-05-12,10323.465179693449
2015-05-13,10314.948189098051
2015-05-14,10319.92074578825
2015-05-15,10345.284287471053
2015-05-18,10344.80747585124
2015-05-19,10336.363958979337
2015-05-20,10321.878280759778
2015-05-21,10328.406114089179
2015-05-22,10339.251767472748
2015-05-26,10337.863965018772
2015-05-27,10337.711242042564
2015-05-28,10357.963256472904
2015-05-29,10354.688693876607
2015-06-01,10347.955634518268
2015-06-02,10342.524420306032
2015-06-03,10345.684376367975
2015-06-04,10330.526080276479
2015-06-05,10346.4250285935
2015-06-08,10381.728697930357
2015-06-09,10380.296836217993
2015-06-10,10354.389334160967
2015-06-11,10357.825341986994
2015-06-12,10354.341013786576
2015-06-15,10352.840728465915
2015-06-16,10366.100448395748
2015-06-17,10401.379029130852
2015-06-18,10408.469621788787
2015-06-19,10411.410345375782
2015-06-22,10398.63822280949
2015-06-23,10435.269507815015
2015-06-24,10423.76407880156
2015-06-25,10440.257193321628
2015-06-26,10432.589291134354
2015-06-29,10409.94951150297
2015-06-30,10437.535290056861
2015-07-01,10441.469701225275
2015-07-02,10489.043186522213
2015-07-06,10487.743434687934
2015-07-07,10436.955849318505
2015-07-08,10382.089782932426
2015-07-09,10394.659771059418
2015-07-10,10399.883010568092
2015-07-13,10412.665252409155
2015-07-14,10427.485834582778
2015-07-15,10416.82698035524
2015-07-16,10431.85993773905
2015-07-17,10465.74775581723
2015-07-20,10498.02186248711
2015-07-21,10432.899841217466
2015-07-22,10437.478165347824
2015-07-23,10434.689588712246
2015-07-24,10427.239452184576
2015-07-27,10375.62946940299
2015-07-28,10424.783818595932
2015-07-29,10420.269634019567
2015-07-30,10433.67658010968
2015-07-31,10430.78762079893
2015-08-03,10402.980564100859
2015-08-04,10431.374479000371
2015-08-05,10448.7538248616
2015-08-06,10340.414815680331
2015-08-07,10324.073707733141
2015-08-10,10317.367963941662
2015-08-11,10297.486456251327
2015-08-12,10302.010204901462
2015-08-13,10328.183412984356
2015-08-14,10332.276913915879
2015-08-17,10412.282689091857
2015-08-18,10452.95429941576
2015-08-19,10414.128241746785
2015-08-20,10321.357134864009
2015-08-21,10240.368992211046
2015-08-24,10151.46662833032
2015-08-25,10160.584109115507
2015-08-26,10200.233223650892
2015-08-27,10356.582843837834
2015-08-28,10405.742259164534
2015-08-31,10410.935932730596
2015-09-01,10317.54177957734
2015-09-02,10398.668431191065
2015-09-03,10379.684994539102
2015-09-04,10347.091381698581
2015-09-08,10402.966475950983
2015-09-09,10409.592745708109
2015-09-10,10405.742259164534
2015-09-11,10421.502098199875
2015-09-14,10447.91751187307
2015-09-15,10451.320184013575
2015-09-16,10529.044163486795
2015-09-17,10527.432236585119
2015-09-18,10514.578274946407
2015-09-21,10545.996993157441
2015-09-22,10517.67280400943
2015-09-23,10518.704913648236
2015-09-24,10536.246835114918
2015-09-25,10483.894315097261
2015-09-28,10413.119817495653
2015-09-29,10398.263708483815
2015-09-30,10412.86933436666
2015-10-01,10341.760899056857
2015-10-02,10405.942246118728
2015-10-05,10393.612391985735
2015-10-06,10352.889566477319
2015-10-07,10267.153301209604
2015-10-08,10218.016659823803
2015-10-09,10159.319799258252
2015-10-12,10107.72318179354
2015-10-13,10146.129955230657
2015-10-14,10120.479069082685
2015-10-15,10170.013340597412
2015-10-16,10235.730305113639
2015-10-19,10248.663115177957
2015-10-20,10069.859127902117
2015-10-21,10034.976336490005
2015-10-22,10054.901409213751
2015-10-23,10021.824915068746
2015-10-26,10101.603822267683
2015-10-27,10036.447505902854
2015-10-28,10071.082567565309
2015-10-29,10052.981024492485
2015-10-30,9989.012426251149
2015-11-02,10082.379263726252
2015-11-03,10006.514079071918
2015-11-04,10331.172079026204
2015-11-05,10333.16726375916
2015-11-06,10341.492266862335
2015-11-09,10243.292013801307
2015-11-10,10121.181508892385
2015-11-11,10156.860426617513
2015-11-12,10071.950121778575
2015-11-13,9992.433148612949
2015-11-16,10090.895725014516
2015-11-17,10086.505944696226
2015-11-18,10186.628347536549
2015-11-19,10196.966382490747
2015-11-20,10171.616915463765
2015-11-23,10139.611975050988
2015-11-24,10146.692671053795
2015-11-25,10307.993243552146
2015-11-27,10335.8918178635
2015-11-30,10316.964796555847
2015-12-01,10413.15173352612
2015-12-02,10341.69843540523
2015-12-03,10351.49308455094
2015-12-04,10320.11385195697
2015-12-07,10330.113354052848
2015-12-08,10271.315450153801
2015-12-09,10241.983157737019
2015-12-10,10275.9818081739
2015-12-11,10141.986610952028
2015-12-14,10162.785720264945
2015-12-15,10196.25128516818
2015-12-16,10375.178440566006
2015-12-17,10360.245560862515
2015-12-18,10321.571056044633
2015-12-21,10349.012788748762
2015-12-22,10314.906528426325
2015-12-23,10311.639504158818
2015-12-24,10323.008382221486
2015-12-28,10301.838992154648
2015-12-29,10409.515640579493
2015-12-30,10421.276516690394
2015-12-31,10446.11536366098
2016-01-04,10233.510625057486
2016-01-05,10233.764195266955
2016-01-06,10178.101543913452
2016-01-07,10135.11830993682
2016-01-08,10074.563067547286
2016-01-11,10032.448012113593
2016-01-12,10061.531993488676
2016-01-13,9925.70430777782
2016-01-14,10010.324576089231
2016-01-15,9992.763843084445
2016-01-19,9988.687515044654
2016-01-20,9895.775215614085
2016-01-21,9915.812722262044
2016-01-22,9957.391289436011
2016-01-25,9855.918454282388
2016-01-26,9808.588792015027
2016-01-27,9714.586203035484
2016-01-28,9743.05868399813
2016-01-29,9769.768902957698
2016-02-01,9873.890204019315
2016-02-02,9612.502218395555
2016-02-03,9440.82780845697
2016-02-04,9475.64354131746
2016-02-05,9231.59049120731
2016-02-08,8946.001354549404
2016-02-09,8951.189963523308
2016-02-10,8857.937734970325
2016-02-11,8999.198770560353
2016-02-12,9011.262305642078
2016-02-16,9100.260052698803
2016-02-17,9396.398679689348
2016-02-18,9353.88640935113
2016-02-19,9349.657406710046
2016-02-22,9598.054795688737
2016-02-23,9586.258355480222
2016-02-24,9626.09987787736
2016-02-25,9813.733293581918
2016-02-26,9878.50370716871
2016-02-29,9913.539765022066
2016-03-01,9791.812624553058
2016-03-02,9834.790162931826
2016-03-03,9993.007918206496
2016-03-04,10105.193313201667
2016-03-07,10194.253264376492
2016-03-08,10138.447337793397
2016-03-09,10264.14178881446
2016-03-10,10192.163211165498
2016-03-11,10238.863658936027
2016-03-14,10391.315230369295
2016-03-15,10454.250751999285
2016-03-16,10524.36960210495
2016-03-17,10610.41675457463
2016-03-18,10732.166468798765
2016-03-21,10837.916412381557
2016-03-22,10761.36722536373
2016-03-23,10544.78882253011
2016-03-24,10639.858526416412
2016-03-28,10686.014323265132
2016-03-29,10683.647604300662
2016-03-30,10625.253845213585
2016-03-31,10677.159351553611
2016-04-01,10818.09747370037
2016-04-04,10987.511873529907
2016-04-05,11138.817133511122
2016-04-06,11314.575520202969
2016-04-07,11170.828156483498
2016-04-08,11047.388901577007
2016-04-11,11044.817917461718
2016-04-12,11009.185048546638
2016-04-13,11121.90224549115
2016-04-14,11077.05057568864
2016-04-15,11121.12114407103
2016-04-18,11110.64401162393
2016-04-19,11002.379833869809
2016-04-20,11045.619178347337
2016-04-21,11017.680158488402
2016-04-22,11108.482448830688
2016-04-25,11076.38540624445
2016-04-26,11108.315918569268
2016-04-27,11070.564935707422
2016-04-28,11008.034249946166
2016-04-29,10892.452732505215
2016-05-02,10909.748565456375
2016-05-03,10749.39104104432
2016-05-04,10581.432331408432
2016-05-05,10388.272728787882
2016-05-06,10448.888560544096
2016-05-09,10339.890873425773
2016-05-10,10335.647501196914
2016-05-11,10340.712710711889
2016-05-12,10308.67917710972
2016-05-13,10315.072515508913
2016-05-16,10328.453037433163
2016-05-17,10255.93839222065
2016-05-18,10387.94734863048
2016-05-19,10471.037961199761
2016-05-20,10575.312831661038
2016-05-23,10491.810908555628
2016-05-24,10526.569002567023
2016-05-25,10560.916080255833
2016-05-26,10674.85733674327
2016-05-27,10632.077804636692
2016-05-31,10635.985548943478
2016-06-01,10560.504475506157
2016-06-02,10548.28767876885
2016-06-03,10548.898474915004
2016-06-06,10583.309279257695
2016-06-07,10820.722566409358
2016-06-08,10885.47161824423
2016-06-09,10761.300038534497
2016-06-10,10550.363622651188
2016-06-13,10532.187459595012
2016-06-14,10474.6956959774
2016-06-15,10528.828799265691
2016-06-16,10533.373051995004
2016-06-17,10484.77167696536
2016-06-20,10568.341951457067
2016-06-21,10566.538476409458
2016-06-22,10106.619084920672
2016-06-23,10101.408472543411
2016-06-24,10035.25813499061
2016-06-27,10146.87608066491
2016-06-28,10214.833177311175
2016-06-29,10393.50794470421
2016-06-30,10438.553003705623
2016-07-01,10529.50485488054
2016-07-05,10475.192233295977
2016-07-06,10485.106326992502
2016-07-07,10517.43534916037
2016-07-08,10535.539453584424
2016-07-11,10707.96039129239
2016-07-12,10705.158756467776
2016-07-13,10659.923777024858
2016-07-14,10638.80039684302
2016-07-15,10615.16892952866
2016-07-18,10737.506960276201
2016-07-19,10716.803624238559
2016-07-20,10780.984067668029
2016-07-21,10619.883039775606
2016-07-22,10655.798728549104
2016-07-25,10812.853671055753
2016-07-26,10802.70815369556
2016-07-27,10782.218002456992
2016-07-28,10824.379390321748
2016-07-29,10906.678266945168
2016-08-01,10813.507319593953
2016-08-02,10759.283190052072
2016-08-03,10732.34673336251
2016-08-04,10824.427406108634
2016-08-05,10813.347128563859
2016-08-08,10740.154529025182
2016-08-09,10795.380132634491
2016-08-10,10730.508858425204
2016-08-11,10716.513545554506
2016-08-12,10729.752398899862
2016-08-15,10729.37416913719
2016-08-16,10691.926717126531
2016-08-17,10684.928925415874
2016-08-18,10690.113736225081
2016-08-19,10719.151626673814
2016-08-22,10678.22757405245
2016-08-23,10715.988350663156
2016-08-24,10671.479543948451
2016-08-25,10638.198248568055
2016-08-26,10618.478116771856
2016-08-29,10519.759231740736
2016-08-30,10439.115180129427
2016-08-31,10453.304058860107
2016-09-01,10212.11145325405
2016-09-02,10147.071196745947
2016-09-06,10258.413873380334
2016-09-07,10233.400459113283
2016-09-08,10135.015164865636
2016-09-09,10068.820884277455
2016-09-12,10157.651389599749
2016-09-13,10104.835405144664
2016-09-14,10113.38703666225
2016-09-15,10209.754181848322
2016-09-16,10330.772258701032
2016-09-19,10353.615125953696
2016-09-20,10312.303919936861
2016-09-21,10326.398077838767
2016-09-22,10355.802390197943
2016-09-23,10380.58918333329
2016-09-26,10418.012537584758
2016-09-27,10340.735921728468
2016-09-28,10351.914190806348
2016-09-29,10216.55861769017
2016-09-30,10297.480442202723
2016-10-03,10532.469516957186
2016-10-04,10476.82046705065
2016-10-05,10405.849860546474
2016-10-06,10228.173119726933
2016-10-07,10123.61548269142
2016-10-10,10226.982343628422
2016-10-11,10206.507642975177
2016-10-12,10240.47168384742
2016-10-13,10209.879719593642
2016-10-14,10120.031761502283
2016-10-17,10057.908339136335
2016-10-18,10184.542409288428
2016-10-19,10295.606759537037
2016-10-20,10184.542409288428
2016-10-21,10209.19559015207
2016-10-24,10275.684655387116
2016-10-25,10265.225773351503
2016-10-26,10262.73573297586
2016-10-27,10306.812653685342
2016-10-28,10206.207541701297
2016-10-31,10150.42671876838
2016-11-01,9977.605092456355
2016-11-02,9908.626343074617
2016-11-03,9893.518246436211
2016-11-04,9973.450944474322
2016-11-07,10041.622238828912
2016-11-08,10086.580789346399
2016-11-09,9959.761438219488
2016-11-10,9837.360022317403
2016-11-11,9921.649828908476
2016-11-14,9733.07830172254
2016-11-15,9795.238240400988
2016-11-16,9799.567639423323
2016-11-17,9928.793574839765
2016-11-18,9828.425970271386
2016-11-21,9814.639003344248
2016-11-22,9998.003336261385
2016-11-23,10052.32326806802
2016-11-25,10149.106174457876
2016-11-28,10134.492454957875
2016-11-29,9955.691350522324
2016-11-30,9951.097458710803
2016-12-01,9747.870226132905
2016-12-02,9736.790066812024
2016-12-05,9882.251916616266
2016-12-06,9856.08232952994
2016-12-07,10057.17741419108
2016-12-08,10033.486507747031
2016-12-09,10030.486827348956
2016-12-12,10037.304672925331
2016-12-13,10193.299367285148
2016-12-14,10208.026241436128
2016-12-15,10178.057116909706
2016-12-16,10309.296994000048
2016-12-19,10315.647743936723
2016-12-20,10474.402770312432
2016-12-21,10446.1335864592
2016-12-22,10465.390185274711
2016-12-23,10589.689657418843
2016-12-27,10745.460303162788
2016-12-28,10750.692064585455
2016-12-29,10625.891813599192
2016-12-30,10601.7185096261
2017-01-03,10681.490182202659
2017-01-04,10920.806060979226
2017-01-05,10915.119991617688
2017-01-06,10968.128904498519
2017-01-09,11020.840251443416
2017-01-10,10988.426405416754
2017-01-11,10985.240094031973
2017-01-12,10982.08564576104
2017-01-13,11164.101127144646
2017-01-17,11116.181274150566
2017-01-18,11176.957664055291
2017-01-19,11293.831621632242
2017-01-20,11314.615084978861
2017-01-23,11403.496363222628
2017-01-24,11522.989040215427
2017-01-25,11520.077992399707
2017-01-26,11479.736169517702
2017-01-27,11488.701862441947
2017-01-30,11441.901102782747
2017-01-31,11467.863534040018
2017-02-01,11414.677764037788
2017-02-02,11459.893610513573
2017-02-03,11455.587126083123
2017-02-06,11581.642797457846
2017-02-07,11575.965966161168
2017-02-08,11665.105254574597
2017-02-09,11801.697334392062
2017-02-10,11802.267338011783
2017-02-13,12016.051787133372
2017-02-14,12023.125313724802
2017-02-15,12000.642778887981
2017-02-16,11803.42439841827
2017-02-17,11862.666359820843
2017-02-21,11955.864293849321
2017-02-22,11886.485902837183
2017-02-23,11576.343622561644
2017-02-24,11594.222810857387
2017-02-27,11403.570050026246
2017-02-28,11470.130547567549
2017-03-01,11470.669771129964
2017-03-02,11479.071163229597
2017-03-03,11499.278099955562
2017-03-06,11492.506338931942
2017-03-07,11443.223116528783
2017-03-08,11410.401346685556
2017-03-09,11372.274405430486
2017-03-10,11348.528225955288
2017-03-13,11397.865651032263
2017-03-14,11636.338101008158
2017-03-15,11590.579009167777
2017-03-16,11717.978591084648
2017-03-17,11706.891489908228
2017-03-20,11715.357919645528
2017-03-21,11488.779419293089
2017-03-22,11576.064964837471
2017-03-23,11571.42803737917
2017-03-24,11740.354649732315
2017-03-27,11882.671988569142
2017-03-28,12026.958827739949
2017-03-29,12025.575648023929
2017-03-30,12036.137590247294
2017-03-31,12043.495907479708
2017-04-03,12431.119228487803
2017-04-04,12529.42883171002
2017-04-05,12365.966206585701
2017-04-06,12434.789418779123
2017-04-07,12505.502299762198
2017-04-10,12685.075605494416
2017-04-11,12618.657454481126
2017-04-12,12406.564415450952
2017-04-13,12533.219673167427
2017-04-17,12487.935332282128
2017-04-18,12467.095334673384
2017-04-19,12559.385750587475
2017-04-20,12506.67349332866
2017-04-21,12560.786640939787
2017-04-24,12603.341942110597
2017-04-25,12704.213061949471
2017-04-26,12640.81826420366
2017-04-27,12614.11881222085
2017-04-28,12708.433695066182
2017-05-01,12860.3081262235
2017-05-02,12792.682343352455
2017-05-03,12658.95344665755
2017-05-04,12397.197551697102
2017-05-05,12614.037925099887
2017-05-08,12594.244584653872
2017-05-09,12834.323720212433
2017-05-10,12901.893971484198
2017-05-11,12866.081909173874
2017-05-12,12894.678937295193
2017-05-15,12746.830301915026
2017-05-16,12765.352250666794
2017-05-17,12586.691906810429
2017-05-18,12700.608198953618
2017-05-19,12664.056694446748
2017-05-22,12656.189192251431
2017-05-23,12549.812609251492
2017-05-24,12654.058302940142
2017-05-25,12764.01446626195
2017-05-26,12902.250184391589
2017-05-30,13067.933061816457
2017-05-31,13165.261613878518
2017-06-01,13154.82746859406
2017-06-02,13146.434416395052
2017-06-05,13265.800035336504
2017-06-06,13353.282002300455
2017-06-07,13459.77966409156
2017-06-08,13620.254014917342
2017-06-09,13425.61932416046
2017-06-12,13451.301016743653
2017-06-13,13706.150638839834
2017-06-14,13776.300285431491
2017-06-15,13697.857784420527
2017-06-16,13640.343941119449
2017-06-19,13617.221649607087
2017-06-20,13652.130488285417
2017-06-21,13711.647102908395
2017-06-22,13800.493461992904
2017-06-23,13812.391054373185
2017-06-26,13728.818641418013
2017-06-27,13518.922901829108
2017-06-28,13642.055868237177
2017-06-29,13496.433703789284
2017-06-30,13508.372153984943
2017-07-03,13383.573070987142
2017-07-05,13029.16564656534
2017-07-06,12770.941648346517
2017-07-07,12834.217221444193
2017-07-10,12875.759618473247
2017-07-11,13042.637796370906
2017-07-12,13077.572658668048
2017-07-13,12983.27081899735
2017-07-14,13051.797074353422
2017-07-17,12921.073482294254
2017-07-18,13059.121804757378
2017-07-19,13010.961434328856
2017-07-20,13086.27238177485
2017-07-21,13061.70739785482
2017-07-24,13289.902634153063
2017-07-25,13242.71186113608
2017-07-26,13311.396532709503
2017-07-27,13159.643672024176
2017-07-28,13169.50193926855
2017-07-31,12982.0330308701
2017-08-01,12919.004575384122
2017-08-02,13021.142900710407
2017-08-03,13363.758954294952
2017-08-04,13522.461289990028
2017-08-07,13494.621859555456
2017-08-08,13653.809071311403
2017-08-09,13627.30786936181
2017-08-10,13501.095228845537
2017-08-11,13539.05694368188
2017-08-14,13629.283927843117
2017-08-15,13607.141079831159
2017-08-16,13615.790611519928
2017-08-17,13453.539805102804
2017-08-18,13388.353307406342
2017-08-21,13248.04142847363
2017-08-22,13299.050548707422
2017-08-23,13465.963409527532
2017-08-24,13468.302191740506
2017-08-25,13396.976652086472
2017-08-28,13362.04503918765
2017-08-29,13386.891829874721
2017-08-30,13471.956094650748
2017-08-31,13511.711210647492
2017-09-01,13504.402986664627
2017-09-05,13419.485078722952
2017-09-06,13345.528879512003
2017-09-07,13434.393404032628
2017-09-08,13327.304268049531
2017-09-11,13628.668602040692
2017-09-12,13614.494025385538
2017-09-13,13666.444457122061
2017-09-14,13835.072867802428
2017-09-15,13866.822551170219
2017-09-18,13941.999214268748
2017-09-19,13800.032546777618
2017-09-20,13783.138767304252
2017-09-21,13678.712350977996
2017-09-22,13464.574298665833
2017-09-25,13379.697972915063
2017-09-26,13383.315778977707
2017-09-27,13322.699717773794
2017-09-28,13302.955650024243
2017-09-29,13324.944723693923
2017-10-02,13331.353352003163
2017-10-03,13431.459632265967
2017-10-04,13537.113728946235
2017-10-05,13542.035107364754
2017-10-06,13565.872442832055
2017-10-09,13351.488662958742
2017-10-10,13546.03336983137
2017-10-11,13530.808116597927
2017-10-12,13547.417603761158
2017-10-13,13545.725811180091
2017-10-16,13469.291986361597
2017-10-17,13548.494279039664
2017-10-18,13608.4726160196
2017-10-19,13487.900824757171
2017-10-20,13385.73913356183
2017-10-23,13262.719263434843
2017-10-24,13267.590992471087
2017-10-25,13089.72899260162
2017-10-26,13094.914251667276
2017-10-27,13010.338150879961
2017-10-30,12997.537539979934
2017-10-31,13185.862718459572
2017-11-01,13011.547447889898
2017-11-02,12647.570649514659
2017-11-03,12763.248441890348
2017-11-06,12706.368302329018
2017-11-07,12763.371471240192
2017-11-08,12734.03133568107
2017-11-09,12708.94808663556
2017-11-10,12708.948086635559
2017-11-13,12937.225240874672
2017-11-14,12812.46553474709
2017-11-15,12860.879431007479
2017-11-16,12883.224429146145
2017-11-17,12930.707616784159
2017-11-20,12813.210314743703
2017-11-21,12982.101165777767
2017-11-22,12885.086911884451
2017-11-24,12940.018432235353
2017-11-27,12963.480600368935
2017-11-28,12977.260095799797
2017-11-29,12790.865316605037
2017-11-30,12815.258726107772
2017-12-01,12772.058289823663
2017-12-04,12747.292490322621
2017-12-05,12719.361642209373
2017-12-06,12897.37684732209
2017-12-07,12859.306732676527
2017-12-08,12932.619404695488
2017-12-11,13192.322236486129
2017-12-12,13420.739689168136
2017-12-13,13383.423940274217
2017-12-14,13362.366583903098
2017-12-15,13464.0405594701
2017-12-18,13381.125251112015
2017-12-19,13241.86599100566
2017-12-20,13204.249515397492
2017-12-21,13251.802121600515
2017-12-22,13137.179491681552
2017-12-26,12996.82841079399
2017-12-27,12896.577711252123
2017-12-28,12962.58371158244
2017-12-29,12891.4322241163
2018-01-02,13054.317655236611
2018-01-03,12996.118723440411
2018-01-04,12949.453480251734
2018-01-05,12984.230698800842
2018-01-08,13336.08384039736
2018-01-09,13287.821546840758
2018-01-10,13307.516640014444
2018-01-11,13363.40883408914
2018-01-12,13332.712571645487
2018-01-16,13400.16628341263
2018-01-17,13524.884637281397
2018-01-18,13479.843597007417
2018-01-19,13573.673705874739
2018-01-22,13599.921498146821
2018-01-23,13620.676535387332
2018-01-24,13505.411404596609
2018-01-25,13368.972014985931
2018-01-26,13455.135520082957
2018-01-29,13565.60988712012
2018-01-30,13504.25358678486
2018-01-31,13643.257743940736
2018-02-01,13560.411834008748
2018-02-02,13471.262955160106
2018-02-05,13299.123694279842
2018-02-06,13312.73916615843
2018-02-07,13494.132788637751
2018-02-08,12997.802063424191
2018-02-09,12917.609222752857
2018-02-12,13007.46287669594
2018-02-13,13143.575901684077
2018-02-14,13120.087480611735
2018-02-15,13327.438460890868
2018-02-16,13352.791545577042
2018-02-20,13339.93672658672
2018-02-21,13313.690215379027
2018-02-22,13543.477575593064
2018-02-23,13648.462087959819
2018-02-26,13744.34069914154
2018-02-27,13630.684202775974
2018-02-28,13491.91587891354
2018-03-01,13281.773405700646
2018-03-02,13354.361760987766
2018-03-05,13323.69791309193
2018-03-06,13234.478041040435
2018-03-07,13305.507578857018
2018-03-08,13250.070180941304
2018-03-09,13216.634165760022
2018-03-12,13534.360322561297
2018-03-13,13470.780395740647
2018-03-14,13207.279278339047
2018-03-15,13189.435403058636
2018-03-16,13114.821855065264
2018-03-19,12976.24879364805
2018-03-20,12921.994967082945
2018-03-21,13031.192101389308
2018-03-22,12893.815373380443
2018-03-23,12752.279145121229
2018-03-26,12802.326907889641
2018-03-27,12322.608353562679
2018-03-28,11906.630434632061
2018-03-29,12071.173517000105
2018-04-02,11798.688721379507
2018-04-03,12103.149085671314
2018-04-04,12500.6670987782
2018-04-05,12889.617580773185
2018-04-06,12756.6537177379
2018-04-09,12557.000829131493
2018-04-10,12868.492802230565
2018-04-11,12790.412714902317
2018-04-12,12648.542918751678
2018-04-13,12778.193276931268
2018-04-16,12589.102481324278
2018-04-17,12516.200041604941
2018-04-18,12633.424164031896
2018-04-19,12772.808238996979
2018-04-20,12569.012876777168
2018-04-23,12426.728892519568
2018-04-24,12428.593035272788
2018-04-25,12371.224130923983
2018-04-26,12470.42899679485
2018-04-27,12648.542918751678
2018-04-30,12644.814633245234
2018-05-01,12769.494734141286
2018-05-02,12794.969376622681
2018-05-03,12449.096827926856
2018-05-04,12648.750309077051
2018-05-07,12830.456526794436
2018-05-08,12813.708827590672
2018-05-09,12914.845040530334
2018-05-10,12877.298441603349
2018-05-11,12796.862394948641
2018-05-14,12614.07116511296
2018-05-15,12457.422063045851
2018-05-16,12503.672900287944
2018-05-17,12464.204743756833
2018-05-18,12307.14583404978
2018-05-21,12463.187307206332
2018-05-22,12268.098113117874
2018-05-23,12351.649395311037
2018-05-24,12326.253528980302
2018-05-25,12347.30512143113
2018-05-29,12451.807595834152
2018-05-30,12623.02367845448
2018-05-31,12472.671905864125
2018-06-01,12625.174479644742
2018-06-04,12731.001898324681
2018-06-05,12610.333028341272
2018-06-06,13220.55932667341
2018-06-07,13147.2117752384
2018-06-08,13180.644419717895
2018-06-11,13485.061368631192
2018-06-12,13707.752179366707
2018-06-13,13749.282465455875
2018-06-14,14013.975312900637
2018-06-15,14023.088396788895
2018-06-18,14276.900158655193
2018-06-19,13914.08120688338
2018-06-20,14104.091120467101
2018-06-21,13817.939266819656
2018-06-22,13550.633574211104
2018-06-25,13538.693165825667
2018-06-26,13711.825506008287
2018-06-27,13759.971727481055
2018-06-28,13864.544381640488
2018-06-29,13730.120982010249
2018-07-02,13578.365229162308
2018-07-03,13112.121236002886
2018-07-05,13079.381673164864
2018-07-06,13074.314389605308
2018-07-09,13263.79663350792
2018-07-10,13342.744944309943
2018-07-11,13272.01568928218
2018-07-12,13226.67639367359
2018-07-13,13270.668769871554
2018-07-16,13090.186594349776
2018-07-17,13349.282560163958
2018-07-18,13373.395944999533
2018-07-19,13298.14576972575
2018-07-20,13159.909375490784
2018-07-23,12944.13665845933
2018-07-24,12824.19360752582
2018-07-25,13061.824107491502
2018-07-26,13017.466607646715
2018-07-27,12816.479181757606
2018-07-30,12667.701731216604
2018-07-31,12838.641465745519
2018-08-01,12897.134620626797
2018-08-02,13962.503901685935
2018-08-03,13932.532921146878
2018-08-06,13798.69061846767
2018-08-07,14604.436597678992
2018-08-08,14408.516724128254
2018-08-09,14032.574074871678
2018-08-10,14095.817843198545
2018-08-13,14114.766528526354
2018-08-14,13935.94598726966
2018-08-15,13755.279837698083
2018-08-16,13689.876965895923
2018-08-17,13085.303228343044
2018-08-20,13144.65070648145
2018-08-21,13416.355093992222
2018-08-22,13411.107086150301
2018-08-23,13380.020421892888
2018-08-24,13434.926700482007
2018-08-27,13363.265722266831
2018-08-28,13213.686814481865
2018-08-29,13075.411885731777
2018-08-30,13037.44365747639
2018-08-31,13006.691900465645
2018-09-04,12741.514680554084
2018-09-05,12568.316894125966
2018-09-06,12572.79674201355
2018-09-07,12190.847432317434
2018-09-10,12676.434038912488
2018-09-11,12542.87071598798
2018-09-12,12790.05259254388
2018-09-13,12765.767354183867
2018-09-14,12894.838291207165
2018-09-17,12886.743211753826
2018-09-18,12664.579826019071
2018-09-19,12980.73568559087
2018-09-20,12965.219741360113
2018-09-21,12982.534449172806
2018-09-24,12995.576128476476
2018-09-25,13025.033133801868
2018-09-26,13218.189205106715
2018-09-27,13171.86782619873
2018-09-28,12220.196576203758
2018-10-01,13232.434143376473
2018-10-02,13017.110584057504
2018-10-03,12880.135073536718
2018-10-04,12594.513049726636
2018-10-05,12156.720026042993
2018-10-08,11905.89238400201
2018-10-09,12178.5593748867
2018-10-10,12045.256580101694
2018-10-11,11939.417014766355
2018-10-12,12090.11240989952
2018-10-15,12108.93965654921
2018-10-16,12508.065474662253
2018-10-17,12394.0908916696
2018-10-18,12207.60742817682
2018-10-19,12114.957869914077
2018-10-22,12137.46927540687
2018-10-23,12923.920405192075
2018-10-24,12790.27834087823
2018-10-25,13414.890186309183
2018-10-26,13794.96455096223
2018-10-29,13887.62588490146
2018-10-30,13772.667621756511
2018-10-31,13943.265857018281
2018-11-01,14101.687165349005
2018-11-02,14149.684916415004
2018-11-05,14037.91803757415
2018-11-06,14030.408813693071
2018-11-07,14185.649171379027
2018-11-08,14255.782696727441
2018-11-09,14236.710088692958
2018-11-12,13828.73749350816
2018-11-13,13985.2122768777
2018-11-14,14095.899030649387
2018-11-15,14189.15402833031
2018-11-16,14312.443036186436
2018-11-19,14294.800361195059
2018-11-20,14169.200859968976
2018-11-21,13973.870128019995
2018-11-23,13714.269823147722
2018-11-26,14137.906143658489
2018-11-27,14093.805845562547
2018-11-28,14177.553465380712
2018-11-29,14035.50103204044
2018-11-30,14232.89023457689
2018-12-03,14402.716599155901
2018-12-04,14428.371105323156
2018-12-06,14498.897243223062
2018-12-07,14393.127601444796
2018-12-10,14540.834845547231
2018-12-11,14573.62502031781
2018-12-12,14570.399213893104
2018-12-13,14773.802887954465
2018-12-14,14554.84536555268
2018-12-17,14216.585743812011
2018-12-18,13993.752588343423
2018-12-19,13914.323323584736
2018-12-20,13566.285087613167
2018-12-21,13654.166252701396
2018-12-24,13160.586812429246
2018-12-26,13789.578226660204
2018-12-27,13583.343341430456
2018-12-28,13954.622775486785
2018-12-31,13932.005653174043
2019-01-02,13452.604785473737
2019-01-03,13246.30148179177
2019-01-04,13616.595757009802
2019-01-07,13989.320721880467
2019-01-08,13997.737476480797
2019-01-09,14066.368820994929
2019-01-10,14205.357960456946
2019-01-11,14254.781617688233
2019-01-14,13977.234333901091
2019-01-15,14193.703802557555
2019-01-16,14228.666893727277
2019-01-17,14255.588406006096
2019-01-18,13302.659244399534
2019-01-22,13232.715374057949
2019-01-23,12992.808929769722
2019-01-24,13076.753781310337
2019-01-25,13196.472690158804
2019-01-28,13182.033855954052
2019-01-29,13205.904951160168
2019-01-30,13458.40784109128
2019-01-31,13418.965851708981
2019-02-01,13535.938977739643
2019-02-04,13551.265170026963
2019-02-05,13741.938529458806
2019-02-06,13648.856156720187
2019-02-07,13430.009763493941
2019-02-08,13391.4692389727
2019-02-11,13550.138661362962
2019-02-12,13526.923684304391
2019-02-13,13444.88457852608
2019-02-14,13345.716350738328
2019-02-15,13438.34863587107
2019-02-19,13387.862734703811
2019-02-20,13318.445426629638
2019-02-21,13063.086482407212
2019-02-22,13141.519728741285
2019-02-25,13233.920214665268
2019-02-26,13213.013614719002
2019-02-27,13600.817996405342
2019-02-28,13719.944694929032
2019-03-01,13144.26053302687
2019-03-04,12930.055325463047
2019-03-05,12727.713462907535
2019-03-06,12720.761669120122
2019-03-07,12728.951722149273
2019-03-08,12907.336521933914
2019-03-11,13069.006052340032
2019-03-12,12887.143850696222
2019-03-13,13021.856541673587
2019-03-14,13045.912723469963
2019-03-15,12696.380593372716
2019-03-18,12553.48881434946
2019-03-19,12504.441021460992
2019-03-20,12654.661694995895
2019-03-21,12665.045431029339
2019-03-22,12428.381109981865
2019-03-25,12325.885552623547
2019-03-26,12510.827456659743
2019-03-27,12689.994643414331
2019-03-28,12786.176343531366
2019-03-29,12817.644684021838
2019-04-01,13054.165845543124
2019-04-02,12970.418717753442
2019-04-03,13119.404374532654
2019-04-04,12515.674231648634
2019-04-05,12694.261217744279
2019-04-08,12650.109983171895
2019-04-09,12627.78352698779
2019-04-10,12721.854931930673
2019-04-11,12530.200377474095
2019-04-12,12512.138541408476
2019-04-15,12479.025653760087
2019-04-16,12654.124123246402
2019-04-17,12600.691490597226
2019-04-18,12651.615016559386
2019-04-22,12387.964315592184
2019-04-23,12416.812583122086
2019-04-24,12284.212680031393
2019-04-25,12002.647692594006
2019-04-26,11680.946803389725
2019-04-29,11845.500534936398
2019-04-30,11772.591400782816
2019-05-01,11648.7706319499
2019-05-02,11918.07857236588
2019-05-03,12212.226928809709
2019-05-06,12220.634433088228
2019-05-07,11996.066773583534
2019-05-08,11935.856317239122
2019-05-09,11858.288457737704
2019-05-10,11791.569266193643
2019-05-13,11452.276613257764
2019-05-14,11597.25797010227
2019-05-15,11587.328874836297
2019-05-16,11486.677145864413
2019-05-17,11001.768576925777
2019-05-20,10841.47498848945
2019-05-21,10833.490362202301
2019-05-22,10478.319719690868
2019-05-23,10558.400757894637
2019-05-24,10416.173589384638
2019-05-28,10359.20264267658
2019-05-29,10393.73864226322
2019-05-30,10344.50255248487
2019-05-31,10251.871662643138
2019-06-03,10062.937578642584
2019-06-04,10513.241602547818
2019-06-05,10605.975531572756
2019-06-06,10896.273067810353
2019-06-07,10851.301886112176
2019-06-10,11111.205430780788
2019-06-11,11242.087355267086
2019-06-12,10998.932317031911
2019-06-13,11143.150489329673
2019-06-14,11174.475298554215
2019-06-17,11484.898372525084
2019-06-18,11476.083295424618
2019-06-19,11526.941146136734
2019-06-20,11324.05325619119
2019-06-21,11390.121624110972
2019-06-24,11442.097149424153
2019-06-25,11329.935389338989
2019-06-26,11315.91203271435
2019-06-27,11418.080623319878
2019-06-28,11435.824136470706
2019-07-01,11541.99945888231
2019-07-02,11467.018674472918
2019-07-03,11760.259625773193
2019-07-05,11709.26121708181
2019-07-08,11631.845552439027
2019-07-09,11624.07009670962
2019-07-10,11867.640557420815
2019-07-11,11858.931269617198
2019-07-12,12033.527826093028
2019-07-15,12258.126560731607
2019-07-16,12228.549792134096
2019-07-17,12293.386561286641
2019-07-18,12259.22156392143
2019-07-19,12378.114244140834
2019-07-22,12314.696611403448
2019-07-23,12427.456219311553
2019-07-24,12544.557550287453
2019-07-25,11656.987049743235
2019-07-26,11637.980318315473
2019-07-29,11826.341676836066
2019-07-30,11986.161291866547
2019-07-31,11970.154107775892
2019-08-01,11779.060597736603
2019-08-02,11791.12728091973
2019-08-05,11642.881169985078
2019-08-06,11702.721406813416
2019-08-07,11769.167952767417
2019-08-08,11891.86019358737
2019-08-09,11809.14332893453
2019-08-12,11658.292920691787
2019-08-13,11808.892289225987
2019-08-14,11418.349909812008
2019-08-15,11317.286801491391
2019-08-16,11427.640969654662
2019-08-19,11606.275487319783
2019-08-20,11580.881737733405
2019-08-21,11449.201095079718
2019-08-22,11483.757611170488
2019-08-23,11199.589366917391
2019-08-26,11295.70810905613
2019-08-27,11270.906947897449
2019-08-28,11312.001675819203
2019-08-29,11480.102843898618
2019-08-30,11588.174017773332
2019-09-03,11571.547652838468
2019-09-04,11451.560580483863
2019-09-05,11698.185191886256
2019-09-06,11639.161457626155
2019-09-09,11759.426012646622
2019-09-10,11863.340892590477
2019-09-11,12180.472255846034
2019-09-12,12147.066150049013
2019-09-13,12129.051609118163
2019-09-16,12065.432517023066
2019-09-17,12117.61052986358
2019-09-18,12083.695779036483
2019-09-19,12164.020959659389
2019-09-20,12011.112687544108
2019-09-23,12026.555005997925
2019-09-24,11570.393901666961
2019-09-25,11709.368611682148
2019-09-26,12060.222910414144
2019-09-27,12049.3375316335
2019-09-30,12017.441850895008
2019-10-01,12114.142109671637
2019-10-02,12074.65201230681
2019-10-03,11818.978509631432
2019-10-04,11778.476282070598
2019-10-07,11937.701924805348
2019-10-08,11997.263830826076
2019-10-09,12111.78733602597
2019-10-10,12117.155579621693
2019-10-11,12197.67923355755
2019-10-14,12429.537623845885
2019-10-15,12453.073744426183
2019-10-16,12499.675263175168
2019-10-17,12554.73953228473
2019-10-18,12431.468790750117
2019-10-21,12347.59833229013
2019-10-22,12397.658659112882
2019-10-23,12375.997662700265
2019-10-24,13459.022694855354
2019-10-25,14143.73548119608
2019-10-28,14133.728373526683
2019-10-29,13862.698712027232
2019-10-30,13834.44268289489
2019-10-31,13832.36180393495
2019-11-01,13795.512347874614
2019-11-04,13889.773307553074
2019-11-05,13884.165336995291
2019-11-06,14092.030849899162
2019-11-07,14289.024015779658
2019-11-08,14323.849526598253
2019-11-11,14495.15877622308
2019-11-12,14598.409476728135
2019-11-13,14517.732814329793
2019-11-14,14585.476177347482
2019-11-15,14643.847881639951
2019-11-18,14599.174553469451
2019-11-19,14792.512746630182
2019-11-20,14644.41514971356
2019-11-21,14696.83544436915
2019-11-22,14263.572538103646
2019-11-25,14328.532005765665
2019-11-26,14182.471056950313
2019-11-27,14229.12419049276
2019-11-29,14202.549734816212
2019-12-02,14299.595551464368
2019-12-03,14325.776340703458
2019-12-04,14263.375423292331
2019-12-05,14211.014407999326
2019-12-06,14319.674229330267
2019-12-09,14392.161299558109
2019-12-10,14577.563222402276
2019-12-11,14654.431673558955
2019-12-12,14793.433120090453
2019-12-13,14768.001101067544
2019-12-16,15219.059843692961
2019-12-17,15170.560217996433
2019-12-18,15441.433767576222
2019-12-19,15647.671547782285
2019-12-20,15676.732027404807
2019-12-23,15929.7232906371
2019-12-24,16040.529133794782
2019-12-26,16144.041571527647
2019-12-27,16133.955635628503
2019-12-30,15854.382164533594
2019-12-31,15918.457355635193
2020-01-02,16126.936009697369
2020-01-03,16347.516164071743
2020-01-06,16493.612768823703
2020-01-07,16790.68378058698
2020-01-08,17178.117780794448
2020-01-09,16998.635604519834
2020-01-10,16946.152387428523
2020-01-13,17706.963539999488
2020-01-14,17917.5573077171
2020-01-15,17607.53944866701
2020-01-16,17528.36044041889
2020-01-17,17481.57843007092
2020-01-21,18050.050681474117
2020-01-22,18392.937621433208
2020-01-23,18433.016381321126
2020-01-24,18322.097455600353
2020-01-27,18220.917542659132
2020-01-28,18351.72468016736
2020-01-29,18557.203029429824
2020-01-30,19420.85003291961
2020-01-31,19560.349853252403
2020-02-03,21391.79899218944
2020-02-04,22891.56103135361
2020-02-05,20778.552242173595
2020-02-06,20974.340129472817
2020-02-07,20962.242670477815
2020-02-10,21274.570657510954
2020-02-11,21315.86869267468
2020-02-12,21222.360430685112
2020-02-13,21701.680245255448
2020-02-14,21650.363118459158
2020-02-18,22397.3299127938
2020-02-19,23145.062288615096
2020-02-20,22919.173217151845
2020-02-21,22938.916095820943
2020-02-24,22112.71339229501
2020-02-25,21700.396306368617
2020-02-26,21443.489202439006
2020-02-27,20228.931070997678
2020-02-28,20094.9399956122
2020-03-02,21028.899453555798
2020-03-03,21052.54013609582
2020-03-04,21102.448243680312
2020-03-05,20790.239498617695
2020-03-06,20526.813727837936
2020-03-09,19332.516220435922
2020-03-10,19806.653397513146
2020-03-11,19663.673065620937
2020-03-12,18701.23664287044
2020-03-13,18516.45025474095
2020-03-16,17148.422718030244
2020-03-17,16944.375912734886
2020-03-18,15980.125030786046
2020-03-19,16928.689330093992
2020-03-20,16927.09087462051
2020-03-23,17027.03702245002
2020-03-24,18089.74891448276
2020-03-25,18611.618749149726
2020-03-26,18442.63936790522
2020-03-27,18232.368098151543
2020-03-30,18046.018398183045
2020-03-31,18379.253354676643
2020-04-01,17732.591516331333
2020-04-02,17319.81910584412
2020-04-03,17708.974230099568
2020-04-06,18261.013473932133
2020-04-07,18706.088765949436
2020-04-08,18757.74198898232
2020-04-09,19125.870160636932
2020-04-13,20301.723166224874
2020-04-14,21181.92479850637
2020-04-15,21476.728380047894
2020-04-16,21701.840490339233
2020-04-17,21827.61638889736
2020-04-20,21719.594887629486
2020-04-21,20872.590840400346
2020-04-22,21510.771435892413
2020-04-23,21138.464023157612
2020-04-24,21410.169648216026
2020-04-27,22434.63247502243
2020-04-28,22022.202424400548
2020-04-29,22454.761041837526
2020-04-30,22200.60413670505
2020-05-01,21112.5675614397
2020-05-04,21921.166697767614
2020-05-05,22015.97869929036
2020-05-06,22210.05875203084
2020-05-07,22175.753506460147
2020-05-08,22707.616191308833
2020-05-11,22597.81312978203
2020-05-12,22572.676210322854
2020-05-13,22328.45091217458
2020-05-14,22490.5566893875
2020-05-15,22436.04101914286
2020-05-18,22625.5362321456
2020-05-19,22551.887099610725
2020-05-20,22649.838893669104
2020-05-21,22806.042407189787
2020-05-22,22666.964459712282
2020-05-26,22692.52343722239
2020-05-27,22709.99147004466
2020-05-28,22524.781669159318
2020-05-29,22899.697628419344
2020-06-01,23710.153204438717
2020-06-02,23499.838302390883
2020-06-03,23517.461500409154
2020-06-04,23285.908042742936
2020-06-05,23548.45831824312
2020-06-08,24333.362707686803
2020-06-09,24221.508668921182
2020-06-10,25231.659182125666
2020-06-11,24612.8805198757
2020-06-12,24172.180937571025
2020-06-15,24818.255331043925
2020-06-16,24716.38466875914
2020-06-17,24827.471453531027
2020-06-18,24966.023389717106
2020-06-19,24931.53540599419
2020-06-22,24858.11458004927
2020-06-23,24940.52148580862
2020-06-24,24488.384605824547
2020-06-25,24765.986122035
2020-06-26,24476.123313845288
2020-06-29,25024.144533735613
2020-06-30,25802.48689866161
2020-07-01,26237.962479247137
2020-07-02,27201.868513304405
2020-07-06,28948.124967810367
2020-07-07,29142.09949496558
2020-07-08,28890.18556236617
2020-07-09,29185.54950282199
2020-07-10,30733.77946577862
2020-07-13,30248.68597286127
2020-07-14,30447.88740961205
2020-07-15,30739.703985370244
2020-07-16,30290.975393667017
2020-07-17,30292.934116737357
2020-07-20,31670.977451271552
2020-07-21,30954.682126849744
2020-07-22,31182.413979493598
2020-07-23,30436.917717746524
2020-07-24,29542.348812178345
2020-07-27,30683.955912463593
2020-07-28,30096.298846627757
2020-07-29,30306.927565154383
2020-07-30,30198.726406611066
2020-07-31,29670.47730425289
2020-08-03,30175.54036794944
2020-08-04,30194.163366922257
2020-08-05,30175.72685369104
2020-08-06,30218.18805860469
2020-08-07,29874.86780831471
2020-08-10,29556.96822868717
2020-08-11,29140.48826308349
2020-08-12,30862.054626101763
2020-08-13,31501.11784736965
2020-08-14,31787.750863974907
2020-08-17,33554.05721035845
2020-08-18,34040.553207559584
2020-08-19,33960.42224373655
2020-08-20,35103.10949974002
2020-08-21,35544.877823955816
2020-08-24,35219.88453142265
2020-08-25,35302.073417264444
2020-08-26,36457.866618398046
2020-08-27,37212.11227329506
2020-08-28,36990.928123748425
2020-08-31,39394.00665790004
2020-09-01,38399.03143284162
2020-09-02,37227.32933155142
2020-09-03,35535.5454224753
2020-09-04,36005.18805106258
2020-09-08,32349.689386807062
2020-09-09,33846.15738685665
2020-09-10,34058.662760491934
2020-09-11,34116.61859671309
2020-09-14,36086.281713657314
2020-09-15,37352.0726271319
2020-09-16,37016.095455469585
2020-09-17,36246.289152288235
2020-09-18,37032.47492653933
2020-09-21,37336.533276820075
2020-09-22,36279.88821518565
2020-09-23,34437.476478442535
2020-09-24,34749.51501468694
2020-09-25,35579.865296713906
2020-09-28,36168.54304257412
2020-09-29,36078.07624363736
2020-09-30,36500.25852721195
2020-10-01,37313.62173805236
2020-10-02,35909.03184575307
2020-10-05,36354.32482872386
2020-10-06,35862.358676803735
2020-10-07,36338.34685217122
2020-10-08,36364.41668886908
2020-10-09,36704.16956433984
2020-10-12,37053.171226382765
2020-10-13,37236.08162005432
2020-10-14,37852.09122709531
2020-10-15,37335.071912063075
2020-10-16,36955.51322256094
2020-10-19,36594.84451790243
2020-10-20,36232.13633260054
2020-10-21,36260.696532233065
2020-10-22,36389.213695266946
2020-10-23,36178.68961321234
2020-10-26,36164.40951339607
2020-10-27,36343.92676610858
2020-10-28,35582.60657143103
2020-10-29,35778.85242132564
2020-10-30,34838.481009228206
2020-11-02,35359.073639357666
2020-11-03,36346.43758918224
2020-11-04,36221.90325489036
2020-11-05,36951.61678332965
2020-11-06,36604.45943867593
2020-11-09,36233.84538476955
2020-11-10,35768.97889563228
2020-11-11,36057.70824240726
2020-11-12,35828.685640457385
2020-11-13,35689.653634679016
2020-11-16,35672.16701422326
2020-11-17,37101.73972254658
2020-11-18,39022.19312315253
2020-11-19,39555.45584283391
2020-11-20,39151.67132233734
2020-11-23,40485.81396438691
2020-11-24,41859.464631959476
2020-11-25,42614.65687644378
2020-11-27,43086.85066730882
2020-11-30,42364.972487550156
2020-12-01,43040.27896979057
2020-12-02,42419.257965771016
2020-12-03,43366.545846202585
2020-12-04,43582.67009494812
2020-12-07,45197.607643225776
2020-12-08,45501.49685550507
2020-12-09,43819.401915577124
2020-12-10,44648.00408308844
2020-12-11,44021.50934253352
2020-12-14,45105.097092551776
2020-12-15,44866.154744134736
2020-12-16,44489.397684095595
2020-12-17,45668.51492112573
2020-12-18,47060.108714112415
2020-12-21,45469.61291863588
2020-12-22,45137.5337534538
2020-12-23,45334.26918602045
2020-12-24,45885.061970835246
2020-12-28,45952.036040881125
2020-12-29,46031.46433709172
2020-12-30,47015.742455319014
2020-12-31,47384.32783089731
2021-01-04,48191.86790510004
2021-01-05,48369.010421464394
2021-01-06,49054.40299207058
2021-01-07,51007.11258691993
2021-01-08,53066.46909918508
2021-01-11,50873.157609438815
2021-01-12,52079.82968616174
2021-01-13,52235.05129488907
2021-01-14,51944.099646513365
2021-01-15,51367.40725548449
2021-01-19,51924.69652004559
2021-01-20,52101.70236404125
2021-01-21,51939.535028385944
2021-01-22,51988.05030263974
2021-01-25,52992.48769107083
2021-01-26,53059.82275681883
2021-01-27,52508.77425474368
2021-01-28,51680.81056828737
2021-01-29,50473.308448272
2021-02-01,51807.03842882498
2021-02-02,52757.478125610185
2021-02-03,52235.86013246017
2021-02-04,52100.41095231681
2021-02-05,52164.96546642101
2021-02-08,52487.44780942941
2021-02-09,52085.13706985679
2021-02-10,50798.67195895121
2021-02-11,50995.79184709603
2021-02-12,51125.839914821874
2021-02-16,50538.91591652924
2021-02-17,50596.49248596224
2021-02-18,50271.57200408139
2021-02-19,50086.095979845355
2021-02-22,48025.862726910236
2021-02-23,47537.18316826901
2021-02-24,48900.53732288735
2021-02-25,46991.89826376777
2021-02-26,46774.93273563783
2021-03-01,48176.865735320294
2021-03-02,47121.18701373463
2021-03-03,46012.40888130398
2021-03-04,44941.22044354752
2021-03-05,44139.894418942466
2021-03-08,42933.751665883465
2021-03-09,46796.09259697779
2021-03-10,46601.38175762193
2021-03-11,47713.90763303029
2021-03-12,47506.852474909756
2021-03-15,48008.088330968254
2021-03-16,46912.494113711145
2021-03-17,47791.86172345815
2021-03-18,46075.807652153366
2021-03-19,46136.124464116
2021-03-22,46669.812395849105
2021-03-23,46393.26897637635
2021-03-24,45268.39716751152
2021-03-25,45625.36515585684
2021-03-26,44860.635819404204
2021-03-29,44598.907197140856
2021-03-30,45466.279849320956
2021-03-31,46629.73381585014
2021-04-01,46407.1976250013
2021-04-05,47462.266490667665
2021-04-06,47482.79031301559
2021-04-07,46739.201894086866
2021-04-08,47201.199712124464
2021-04-09,46957.058369921186
2021-04-12,47855.845523531774
2021-04-13,50028.63769928219
2021-04-14,48955.95647313429
2021-04-15,49189.59461894758
2021-04-16,49222.088216827775
2021-04-19,48352.144107000975
2021-04-20,48501.44835787563
2021-04-21,49362.007993713916
2021-04-22,48525.41980629157
2021-04-23,48854.606828142176
2021-04-26,49152.943527024596
2021-04-27,48018.58619909109
2021-04-28,47668.04030632085
2021-04-29,47078.14873416953
2021-04-30,48177.92495909482
2021-05-03,47337.627891678145
2021-05-04,46950.69410576785
2021-05-05,46858.666610167915
2021-05-06,46600.043198125175
2021-05-07,46911.75922454975
2021-05-10,45367.19572818343
2021-05-11,44940.82391567064
2021-05-12,43947.3062838053
2021-05-13,43278.26564916133
2021-05-14,43948.82087399777
2021-05-17,43464.39132651851
2021-05-18,43503.80903956362
2021-05-19,42952.256599088854
2021-05-20,43853.69651046673
2021-05-21,43623.50086115779
2021-05-24,44629.97441106071
2021-05-25,44560.4666887504
2021-05-26,45134.008580296104
2021-05-27,45599.51704579785
2021-05-28,45375.897417585074
2021-06-01,45323.46798755707
2021-06-02,44577.54498103272
2021-06-03,43295.41486990242
2021-06-04,44336.45069433753
2021-06-07,44580.028138496185
2021-06-08,44518.332366952854
2021-06-09,44325.63440337496
2021-06-10,44779.93696271579
2021-06-11,44770.721658869246
2021-06-14,45083.20573521295
2021-06-15,44348.869806307426
2021-06-16,44569.6116358398
2021-06-17,45039.5389491652
2021-06-18,45308.35440556984
2021-06-21,45208.99967591931
2021-06-22,45323.225155141175
2021-06-23,46626.49765857714
2021-06-24,47548.62398455199
2021-06-25,47236.46827176612
2021-06-28,47891.46316724538
2021-06-29,47585.135318092194
2021-06-30,47544.75096716579
2021-07-01,47477.61320455931
2021-07-02,47514.207748369154
2021-07-06,46800.005665133634
2021-07-07,46253.607717930776
2021-07-08,46552.24180236555
2021-07-09,46703.75515153518
2021-07-12,47755.926906135326
2021-07-13,47127.91714109967
2021-07-14,46578.65067629272
2021-07-15,46477.927637392655
2021-07-16,46246.77216068235
2021-07-19,46319.233704722246
2021-07-20,46836.618085274706
2021-07-21,46647.85153377775
2021-07-22,46429.377241909024
2021-07-23,46216.337980477896
2021-07-26,46737.34090271221
2021-07-27,46263.13185887723
2021-07-28,46344.38310363365
2021-07-29,47476.552062208124
2021-07-30,47843.75103458437
2021-08-02,48673.03809419935
2021-08-03,48675.59541671167
2021-08-04,48718.27749740236
2021-08-05,48851.134775122846
2021-08-06,48300.563311877486
2021-08-09,48815.09324521666
2021-08-10,48684.098309032604
2021-08-11,48609.45271587938
2021-08-12,49100.868571674655
2021-08-13,48929.59876268175
2021-08-16,47894.89610398549
2021-08-17,47218.82283890897
2021-08-18,47988.07957306353
2021-08-19,47475.24225450064
2021-08-20,47699.60773052291
2021-08-23,48560.066400989905
2021-08-24,48632.43167506565
2021-08-25,48721.980317246176
2021-08-26,48390.22181580993
2021-08-27,48745.77232401729
2021-08-30,49373.2723217892
2021-08-31,49532.21242627663
2021-09-01,49478.88965182592
2021-09-02,49423.8333331327
2021-09-03,49461.6660837503
2021-09-07,50075.866604763534
2021-09-08,50105.719525056935
2021-09-09,50136.51858139161
2021-09-10,49563.96835371328
2021-09-13,49769.17195747934
2021-09-14,49814.602630378635
2021-09-15,50160.36928602551
2021-09-16,50195.73930298275
2021-09-17,50271.203811436426
2021-09-20,49395.00142304448
2021-09-21,49667.48256148611
2021-09-22,50039.07323586432
2021-09-23,50089.36813257354
2021-09-24,50703.263278229235
2021-09-27,51205.32652858475
2021-09-28,50801.13180854742
2021-09-29,50909.86883080135
2021-09-30,50742.50989057413
2021-10-01,50735.12054092443
2021-10-04,50912.65429761128
2021-10-05,50886.46980720874
2021-10-06,50946.032816095234
2021-10-07,51242.509289640475
2021-10-08,51023.050391220575
2021-10-11,51195.631148759094
2021-10-12,51560.64650586395
2021-10-13,51701.20569531401
2021-10-14,51889.1706051832
2021-10-15,52524.26912185212
2021-10-18,53213.3221281727
2021-10-19,53066.20745000003
2021-10-20,53104.364415881384
2021-10-21,53800.60303298704
2021-10-22,54183.859495229546
2021-10-25,56970.98696958591
2021-10-26,56816.949135002855
2021-10-27,57277.76143324319
2021-10-28,58197.68046749706
2021-10-29,59056.798173833544
2021-11-01,61233.50957700159
2021-11-02,60399.91682694421
2021-11-03,61344.03296582162
2021-11-04,61702.407185028795
2021-11-05,61529.54424819016
2021-11-08,60235.09047738706
2021-11-09,57214.06569387847
2021-11-10,58177.09387057547
2021-11-11,58080.898758425494
2021-11-12,57428.9868021282
2021-11-15,56995.02876696551
2021-11-16,57890.67652920935
2021-11-17,58633.36658523767
2021-11-18,58793.040514100765
2021-11-19,59674.38902972132
2021-11-22,60103.580649342926
2021-11-23,59067.108415950104
2021-11-24,59218.11631505913
2021-11-26,58479.76026567137
2021-11-29,59672.87361504242
2021-11-30,59841.213573659596
2021-12-01,58763.14281062556
2021-12-02,58537.822069965536
2021-12-03,57029.260477081276
2021-12-06,56900.13484857122
2021-12-07,57840.95687858941
2021-12-08,58225.471014355506
2021-12-09,56769.6340047875
2021-12-10,57065.22544966779
2021-12-13,55917.15416791558
2021-12-14,55735.2017343637
2021-12-15,56143.93837654519
2021-12-16,54979.77530135987
2021-12-17,55115.829687930134
2021-12-20,54318.65881797996
2021-12-21,55275.30055047082
2021-12-22,57043.01549545028
2021-12-23,58522.13716677029
2021-12-27,59207.62873855194
2021-12-28,59068.44406345759
2021-12-29,59011.00866758726
2021-12-30,58615.73035808247
2021-12-31,58280.94364426998
2022-01-03,61811.519324394976
2022-01-04,60572.36025050829
2022-01-05,59069.883427863686
2022-01-06,58503.16529396658
2022-01-07,57589.93270295847
2022-01-10,58343.94259655829
2022-01-11,58495.90544257441
2022-01-12,59507.86713864578
2022-01-13,57701.24303965313
2022-01-14,58138.0171444358
2022-01-18,57675.834667478324
2022-01-19,56832.29177596475
2022-01-20,56847.29443499063
2022-01-21,55562.83396094174
2022-01-24,55217.14064092812
2022-01-25,54924.64571796294
2022-01-26,55410.55986927386
2022-01-27,52605.7148017304
2022-01-28,53058.90650953829
2022-01-31,55466.01694537637
2022-02-01,55318.5350672524
2022-02-02,54628.57896508313
2022-02-03,54237.091803805975
2022-02-04,55104.728677716776
2022-02-07,54668.64629735684
2022-02-08,55068.70681653467
2022-02-09,55341.59652450221
2022-02-10,54592.51020374723
2022-02-11,53376.77863483923
2022-02-14,53806.85737166881
2022-02-15,55096.377546574855
2022-02-16,55122.90357559649
2022-02-17,53823.15850947307
2022-02-18,53287.95299620168
2022-02-22,52308.44535063281
2022-02-23,50699.23951524754
2022-02-24,51741.44410278059
2022-02-25,52002.95116969271
2022-02-28,53764.755091413375
2022-03-01,53586.47651338123
2022-03-02,54043.05411411861
2022-03-03,52848.65874588479
2022-03-04,52819.23922528041
2022-03-07,51827.53770142303
2022-03-08,52410.61412338405
2022-03-09,53439.42464273336
2022-03-10,52824.2804319093
2022-03-11,51546.08219060627
2022-03-14,50683.63187192178
2022-03-15,51753.633325868286
2022-03-16,52921.779423160944
2022-03-17,53877.56296172162
2022-03-18,54907.07966436738
2022-03-21,55382.75798821841
2022-03-22,57557.290167100975
2022-03-23,57708.951065618916
2022-03-24,58142.401129008605
2022-03-25,58047.364568641104
2022-03-28,60376.59272305234
2022-03-29,60596.113179862194
2022-03-30,60439.23427233927
2022-03-31,59983.050774254945
2022-04-01,60175.65761786237
2022-04-04,61835.873311823714
2022-04-05,60372.39230597319
2022-04-06,59155.887776101736
2022-04-07,59460.28228413456
2022-04-08,58619.35946837395
2022-04-11,57307.55583772145
2022-04-12,57599.24492659819
2022-04-13,58536.77787882572
2022-04-14,57547.630827302826
2022-04-18,58058.217591626824
2022-04-19,58689.7687671686
2022-04-20,57341.1720068104
2022-04-21,58177.06402910009
2022-04-22,58077.16965936475
2022-04-25,57888.899837694305
2022-04-26,54632.326711559304
2022-04-27,54768.64126115937
2022-04-28,54660.10231769948
2022-04-29,54474.57125325388
2022-05-02,55370.36164167614
2022-05-03,55548.12484601469
2022-05-04,56784.20792874829
2022-05-05,54498.265604554326
2022-05-06,54278.43023169319
2022-05-09,51988.922122073905
2022-05-10,52370.61366852667
2022-05-11,50397.38849805501
2022-05-12,50215.78602047738
2022-05-13,51490.69303897215
2022-05-16,50088.1173403485
2022-05-17,51257.379116429765
2022-05-18,49612.36439463819
2022-05-19,49599.82993588648
2022-05-20,48119.693059783385
2022-05-23,48481.76638287354
2022-05-24,46925.089952956936
2022-05-25,47958.240654267225
2022-05-26,49627.23251305029
2022-05-27,51416.22119977018
2022-05-31,51368.99601236067
2022-06-01,50752.329328974265
2022-06-02,51946.02408660832
2022-06-03,49483.147486383445
2022-06-06,49872.31307399267
2022-06-07,49935.04909010463
2022-06-08,50243.20965094911
2022-06-09,50019.844250190145
2022-06-10,49246.68387717493
2022-06-13,47541.11283747268
2022-06-14,48074.01789005131
2022-06-15,49340.142835045495
2022-06-16,47238.22397184305
2022-06-17,47624.80693785091
2022-06-21,49789.64538683333
2022-06-22,49687.23777663152
2022-06-23,49577.64375403999
2022-06-24,50724.252381706945
2022-06-27,50639.45139961674
2022-06-28,49318.209167691515
2022-06-29,48868.33383058322
2022-06-30,48435.34467099676
2022-07-01,48736.101539802235
2022-07-05,49361.68786732473
2022-07-06,49217.95797466592
2022-07-07,50598.84792288515
2022-07-08,51269.35056149169
2022-07-11,49517.01078044287
2022-07-12,49382.48001393968
2022-07-13,49801.919566678494
2022-07-14,49936.45194531325
2022-07-15,50121.69553428156
2022-07-18,50172.40835674667
2022-07-19,50698.91117847905
2022-07-20,50907.04703559131
2022-07-21,53438.97045450026
2022-07-22,53494.54397807363
2022-07-25,53103.96022846669
2022-07-26,52132.36720379435
2022-07-27,53735.944387937496
2022-07-28,54340.71990054311
2022-07-29,55940.94153646316
2022-08-01,55953.29147413329
2022-08-02,56272.75761486641
2022-08-03,56923.45537640082
2022-08-04,57040.43742048218
2022-08-05,55124.06992389082
2022-08-08,55332.98128004354
2022-08-09,54675.650526922735
2022-08-10,55697.64883100655
2022-08-11,54981.291997302054
2022-08-12,56223.6379252847
2022-08-15,57084.93714496088
2022-08-16,56829.358346897156
2022-08-17,56593.77756909077
2022-08-18,56491.39917248092
2022-08-19,55927.71762484197
2022-08-22,55314.06009021251
2022-08-23,55908.33397435569
2022-08-24,55966.792734856586
2022-08-25,55873.501637623485
2022-08-26,55148.3784070074
2022-08-29,54851.24285146303
2022-08-30,54197.02498761198
2022-08-31,54002.82515180888
2022-09-01,54148.44566260363
2022-09-02,53488.459856007335
2022-09-06,53892.5870898983
2022-09-07,54792.70680068141
2022-09-08,55337.347900111854
2022-09-09,56358.05895050832
2022-09-12,56822.37752015889
2022-09-13,55618.48422787319
2022-09-14,56634.80658127612
2022-09-15,56745.36235701144
2022-09-16,56706.95985120148
2022-09-19,57250.63253776332
2022-09-20,57218.639842629724
2022-09-21,56479.90898499316
2022-09-22,55353.8468957638
2022-09-23,54130.9472438831
2022-09-26,54193.66213935669
2022-09-27,54839.99388496904
2022-09-28,55299.0952594721
2022-09-29,53451.37477395561
2022-09-30,53172.332164498424
2022-10-03,50993.965181704516
2022-10-04,51673.211253969595
2022-10-05,50831.005351723004
2022-10-06,50566.42210488325
2022-10-07,49062.50683415364
2022-10-10,49051.38990912882
2022-10-11,48390.84273336883
2022-10-12,48467.406960371394
2022-10-13,48936.28695558567
2022-10-14,47165.89662549941
2022-10-17,48703.33573453376
2022-10-18,48794.23485321515
2022-10-19,48996.52686980787
2022-10-20,47382.55723195995
2022-10-21,48165.48628468909
2022-10-24,47812.99035510836
2022-10-25,49047.277463127546
2022-10-26,49292.58805719002
2022-10-27,49342.31281304607
2022-10-28,49721.32939926305
2022-10-31,49613.03798257286
2022-11-01,49643.97959169816
2022-11-02,48225.155654496484
2022-11-03,48261.62092508408
2022-11-04,47395.29970815861
2022-11-07,46247.202626583065
2022-11-08,45601.33501136459
2022-11-09,44051.99227523867
2022-11-10,45553.521653245756
2022-11-11,46160.44027431279
2022-11-14,45574.0887332293
2022-11-15,45983.624069537575
2022-11-16,45089.57440458531
2022-11-17,44642.54957210917
2022-11-18,44283.603796347976
2022-11-21,42784.19898561924
2022-11-22,43035.194426988244
2022-11-23,44687.657891113064
2022-11-25,44644.97651293319
2022-11-28,44652.50829549325
2022-11-29,44390.14098693491
2022-11-30,46131.308290743036
2022-12-01,46131.308290743036
2022-12-02,46151.39432124273
2022-12-05,44593.506778093724
2022-12-06,44263.351510985536
2022-12-07,43537.758504381214
2022-12-08,43462.43876327132
2022-12-09,44173.704796897335
2022-12-12,42736.43786742738
2022-12-13,41857.182081577645
2022-12-14,41320.56536307387
2022-12-15,41434.228145322806
2022-12-16,40452.37815432147
2022-12-19,40404.37493580803
2022-12-20,38778.49161919978
2022-12-21,38747.17271992689
2022-12-22,37065.37588710422
2022-12-23,36759.12054186418
2022-12-27,34780.8800735543
2022-12-28,35295.59390441007
2022-12-29,36610.03694908718
2022-12-30,36808.390487624245
2023-01-03,34585.93265417871
2023-01-04,35411.96608688113
2023-01-05,34914.561241771255
2023-01-06,35329.05022222888
2023-01-09,36362.29973666578
2023-01-10,36220.63240566043
2023-01-11,36893.55399017189
2023-01-12,36945.90884843837
2023-01-13,36767.285077784676
2023-01-17,38167.0232993831
2023-01-18,37749.71875344007
2023-01-19,37501.800336768705
2023-01-20,38464.21618570291
2023-01-23,40054.89738277916
2023-01-24,40076.23982359907
2023-01-25,40157.73680036132
2023-01-26,42524.44016364007
2023-01-27,45132.247988037554
2023-01-30,43486.267601581814
2023-01-31,44437.3049975739
2023-02-01,45612.779308382385
2023-02-02,46587.518571504275
2023-02-03,46828.06196887205
2023-02-06,47493.73732704276
2023-02-07,47776.37132193499
2023-02-08,48387.851923197435
2023-02-09,49202.66614748213
2023-02-10,47807.39018575056
2023-02-13,47509.40602080514
2023-02-14,49424.967506765344
2023-02-15,50079.22225954492
2023-02-16,48495.63746759627
2023-02-17,49301.357364461925
2023-02-21,47895.52456822044
2023-02-22,48339.51903399454
2023-02-23,48493.45468984345
2023-02-24,47833.1885768382
2023-02-27,49200.79115408925
2023-02-28,48956.53120579466
2023-03-01,48582.50749267916
2023-03-02,47072.418489685464
2023-03-03,47948.956249921874
2023-03-06,47438.04064961514
2023-03-07,46654.97938582177
2023-03-08,45915.11860175279
2023-03-09,44727.456663652694
2023-03-10,44796.1379685679
2023-03-13,44934.811055003614
2023-03-14,46116.443654648276
2023-03-15,45734.97821007331
2023-03-16,46234.55012553888
2023-03-17,45686.92456989681
2023-03-20,46114.071834809394
2023-03-21,48075.94063858021
2023-03-22,47195.631471592205
2023-03-23,47342.1223104588
2023-03-24,47094.32208077487
2023-03-27,47285.99018963931
2023-03-28,46927.29611918199
2023-03-29,47569.38741741644
2023-03-30,47761.05552628088
2023-03-31,49428.576429504355
2023-04-03,47708.607444080946
2023-04-04,47414.74864210936
2023-04-05,46467.42439019735
2023-04-06,46405.699791502804
2023-04-10,46331.89930853783
2023-04-11,46637.83399477983
2023-04-12,45799.19679620984
2023-04-13,46518.41213960163
2023-04-14,46396.60474484705
2023-04-17,46672.70247003309
2023-04-18,46303.21811179287
2023-04-19,45799.7439671929
2023-04-20,43417.71777693235
2023-04-21,43703.3217745937
2023-04-24,43354.34957127097
2023-04-25,43092.61238578364
2023-04-26,42120.27384283581
2023-04-27,43033.76116335456
2023-04-28,43623.38917768844
2023-05-01,43265.432615874655
2023-05-02,43046.038889800664
2023-05-03,43089.71314543285
2023-05-04,43176.32841689411
2023-05-05,44487.757566512286
2023-05-08,44743.82603936983
2023-05-09,44353.0617147586
2023-05-10,44262.77136187021
2023-05-11,44786.75218307738
2023-05-12,44179.882301885635
2023-05-15,43938.61641483569
2023-05-16,43963.77900386262
2023-05-17,45050.22194883872
2023-05-18,45498.71274440761
2023-05-19,45974.95687513223
2023-05-22,47241.4286087404
2023-05-23,46796.206137527
2023-05-24,46388.13551917911
2023-05-25,46609.13371706639
2023-05-26,47821.5209342163
2023-05-30,48923.83289784964
2023-05-31,49302.16281404316
2023-06-01,49787.58954028784
2023-06-02,50651.01039851334
2023-06-05,51133.40177140058
2023-06-06,51618.84090265175
2023-06-07,52042.27664255275
2023-06-08,53365.45654740072
2023-06-09,54579.927323718
2023-06-12,55264.27163050902
2023-06-13,56372.22593050661
2023-06-14,56135.06565474234
2023-06-15,56026.22856189234
2023-06-16,56587.96723545676
2023-06-20,58255.127734394046
2023-06-21,56476.48961379161
2023-06-22,57081.45046478468
2023-06-23,56149.941278533646
2023-06-26,54359.65936418895
2023-06-27,55414.25651359284
2023-06-28,56108.49241853958
2023-06-29,56253.55815825602
2023-06-30,56745.16475667164
2023-07-03,58823.27504561527
2023-07-05,59129.52298862302
2023-07-06,58452.4854267942
2023-07-07,58214.39219140932
2023-07-10,57675.94362159799
2023-07-11,57695.85311389379
2023-07-12,57939.15797744901
2023-07-13,58592.76916044836
2023-07-14,58977.63763560813
2023-07-17,59963.03053440807
2023-07-18,60283.87353604574
2023-07-19,60060.67166067337
2023-07-20,57047.811518273185
2023-07-21,56744.91036893083
2023-07-24,57695.68270777754
2023-07-25,57298.12575167835
2023-07-26,57200.31485835132
2023-07-27,56291.61301514955
2023-07-28,57420.12778181073
2023-07-31,57525.34115229747
2023-08-01,56849.419843329546
2023-08-02,56109.72995594532
2023-08-03,56669.40188430738
2023-08-04,56076.80781240133
2023-08-07,55815.241488717016
2023-08-08,55623.32252586195
2023-08-09,54791.22335763253
2023-08-10,55143.87538001817
2023-08-11,54839.686248845086
2023-08-14,54509.61774916454
2023-08-15,53725.29369655163
2023-08-16,52867.892176032416
2023-08-17,52117.13627027786
2023-08-18,51673.73710669216
2023-08-21,53569.8489537711
2023-08-22,53801.33859785004
2023-08-23,54250.156391344906
2023-08-24,53416.112204408884
2023-08-25,54461.724035100095
2023-08-28,54489.85293833413
2023-08-29,56735.16417140605
2023-08-30,56700.922074129645
2023-08-31,56843.78473178162
2023-09-01,55277.2142759828
2023-09-05,56639.44769042821
2023-09-06,56097.16561619845
2023-09-07,56046.65227971561
2023-09-08,55695.40175367502
2023-09-11,58641.67007884688
2023-09-12,57925.07620024234
2023-09-13,58369.33999079537
2023-09-14,58915.092359519935
2023-09-15,58727.0165591669
2023-09-18,57698.98864089798
2023-09-19,57835.28405244155
2023-09-20,57398.468458144926
2023-09-21,56628.73537393882
2023-09-22,55419.95357402725
2023-09-25,55655.67743779461
2023-09-26,55331.786372408314
2023-09-27,54919.13709436869
2023-09-28,55596.13316387631
2023-09-29,56042.496093628215
2023-10-02,56202.908492068804
2023-10-03,55613.56852297262
2023-10-04,57314.16697858578
2023-10-05,57185.13822651856
2023-10-06,57240.93492300401
2023-10-09,57140.9698326003
2023-10-10,57600.1175098971
2023-10-11,57526.88545431533
2023-10-12,57047.97533845788
2023-10-13,56147.11179558336
2023-10-16,56472.58543032736
2023-10-17,56580.689977790375
2023-10-18,55166.04205348854
2023-10-19,52542.495858041744
2023-10-20,51588.6793788286
2023-10-23,51599.364108164664
2023-10-24,52132.030399245574
2023-10-25,51635.20049626641
2023-10-26,50820.036872436714
2023-10-27,51010.44780113944
2023-10-30,49769.26898979097
2023-10-31,50208.23611365659
2023-11-01,50822.20211009355
2023-11-02,52474.40295987214
2023-11-03,52662.45756247272
2023-11-06,52572.96994693205
2023-11-07,52950.371399213014
2023-11-08,52941.294006632634
2023-11-09,51368.13259687403
2023-11-10,51973.79277376628
2023-11-13,53148.80157829037
2023-11-14,54925.577986956414
2023-11-15,55629.803171969725
2023-11-16,54442.15108534302
2023-11-17,54532.40065785014
2023-11-20,54695.992734113286
2023-11-21,55393.647241018996
2023-11-22,54531.532937228214
2023-11-24,54682.93846841692
2023-11-27,54759.86344838
2023-11-28,56059.030744039555
2023-11-29,55744.006853633226
2023-11-30,55253.22958035846
2023-12-01,55103.63912693762
2023-12-04,54714.70394804345
2023-12-05,55090.47509399438
2023-12-06,55168.261399351075
2023-12-07,55559.59053679548
2023-12-08,55703.19700686842
2023-12-11,55212.541415281274
2023-12-12,54885.83455025033
2023-12-13,55158.6873912055
2023-12-14,56566.03554566414
2023-12-15,56859.23246915791
2023-12-18,56690.997278558076
2023-12-19,57293.872344141
2023-12-20,56123.40295470109
2023-12-21,56969.48502982472
2023-12-22,56744.16894148192
2023-12-26,57207.36344914761
2023-12-27,57751.55738821704
2023-12-28,56830.21555943681
2023-12-29,56311.20881884429
2024-01-02,56304.58346617445
2024-01-03,55203.62576466023
2024-01-04,55146.20323321687
2024-01-05,55097.08283688201
2024-01-08,55431.10036769627
2024-01-09,54805.12645433023
2024-01-10,54688.82459607108
2024-01-11,53914.55632898292
2024-01-12,52944.618600719856
2024-01-16,53064.66643691643
2024-01-17,52546.133540150906
2024-01-18,52105.08042173178
2024-01-19,52142.72510543124
2024-01-22,51726.84531671645
2024-01-23,51768.98071637375
2024-01-24,51605.01484878248
2024-01-25,48419.82577244454
2024-01-26,48499.05103980779
2024-01-29,49490.94102112417
2024-01-30,49577.040504379394
2024-01-31,49010.574564481605
2024-02-01,49219.44149073309
2024-02-02,49091.84605592582
2024-02-05,48163.11660906224
2024-02-06,48716.13348599471
2024-02-07,49058.740201323395
2024-02-08,49334.71591878648
2024-02-09,49893.639004685174
2024-02-12,49135.40071361874
2024-02-13,48562.540706175554
2024-02-14,49216.24251505746
2024-02-15,50852.585555033744
2024-02-16,50782.894566910734
2024-02-20,49920.11979365978
2024-02-21,50060.89695082037
2024-02-22,50428.865283037885
2024-02-23,49670.62699197146
2024-02-26,50695.87798398895
2024-02-27,50741.414328292376
2024-02-28,51056.97910983836
2024-02-29,51035.34192745161
2024-03-01,51137.09741736151
2024-03-04,49215.10976545359
2024-03-05,48244.04287412226
2024-03-06,47692.894744206475
2024-03-07,47972.71172620274
2024-03-08,47529.25881163167
2024-03-11,47858.14760943702
2024-03-12,47826.70891809612
2024-03-13,46714.34499081042
2024-03-14,45741.42653252428
2024-03-15,45892.091775122935
2024-03-18,47346.850893540126
2024-03-19,46990.95312018106
2024-03-20,47613.774770996766
2024-03-21,47206.21424104128
2024-03-22,46920.633699056954
2024-03-25,47178.94748203908
2024-03-26,47902.22388463969
2024-03-27,48212.200424218245
2024-03-28,47632.429245775085
2024-04-01,47550.63115851788
2024-04-02,46317.90299859822
2024-04-03,46569.04097293514
2024-04-04,46964.4482323602
2024-04-05,46065.00296547881
2024-04-08,47235.294679835
2024-04-09,47805.16538158591
2024-04-10,47057.02767478477
2024-04-11,47467.861327674604
2024-04-12,46954.320917054865
2024-04-15,45569.93182801457
2024-04-16,44937.77206528549
2024-04-17,44695.29063383087
2024-04-18,43881.15999333037
2024-04-19,43452.216573169295
2024-04-22,42700.192773821895
2024-04-23,43099.70584385148
2024-04-24,45775.9550678439
2024-04-25,47020.93683585076
2024-04-26,46728.63641972943
2024-04-29,50712.585628931236
2024-04-30,49046.93602729065
2024-05-01,48543.20584212674
2024-05-02,48546.23575069969
2024-05-03,48723.31117090968
2024-05-06,49259.034555992235
2024-05-07,48216.09781462511
2024-05-08,47757.040921777385
2024-05-09,47348.49465916498
2024-05-10,46828.52668856736
2024-05-13,47336.60940495423
2024-05-14,48177.47243860053
2024-05-15,47648.59109406498
2024-05-16,47774.86766965327
2024-05-17,48164.10237769362
2024-05-20,47791.209610832986
2024-05-21,49521.96150166473
2024-05-22,48557.79150582248
2024-05-23,47620.91393454744
2024-05-24,48429.83553452
2024-05-28,48063.61385679805
2024-05-29,47981.25128932925
2024-05-30,48363.64924460748
2024-05-31,48259.22607664227
2024-06-03,47995.95760825631
2024-06-04,47772.40270918718
2024-06-05,47806.229711352236
2024-06-06,48238.63543477507
2024-06-07,48170.97918623333
2024-06-10,47628.265971905144
2024-06-11,47167.9175692574
2024-06-12,48143.03426279678
2024-06-13,48911.34021094955
2024-06-14,48249.825840634265
2024-06-17,49634.51095424512
2024-06-18,49255.66820529541
2024-06-20,48777.4025759122
2024-06-21,48984.63990229521
2024-06-24,48922.757037246905
2024-06-25,49602.372602407
2024-06-26,50887.51294633835
2024-06-27,51035.618145602944
2024-06-28,51099.85423715262
2024-07-01,52756.03141528755
2024-07-02,55684.89386954455
2024-07-03,57734.92091225607
2024-07-05,58423.05567045731
2024-07-08,58611.62831663707
2024-07-09,59846.12794623358
2024-07-10,59967.17523864654
2024-07-11,57102.758702774445
2024-07-12,58021.22664353087
2024-07-15,58583.78896284614
2024-07-16,59078.84316150248
2024-07-17,58071.12986522839
2024-07-18,58161.4859889817
2024-07-19,56920.01048884008
2024-07-22,58443.69565691233
2024-07-23,57808.72484840617
2024-07-24,54047.165099321915
2024-07-25,54574.45118652376
2024-07-26,54518.7522578724
2024-07-29,56041.200343503675
2024-07-30,54856.64450966368
2024-07-31,56037.45190596754
2024-08-01,54119.193983026584
2024-08-02,52960.16786773882
2024-08-05,51840.259633796595
2024-08-06,52066.84082599149
2024-08-07,50912.01966677589
2024-08-08,51842.34514179517
2024-08-09,51996.271931985684
2024-08-12,51660.013106953804
2024-08-13,53058.43662925526
2024-08-14,52178.369155215965
2024-08-15,53919.40193778911
2024-08-16,54189.561730503236
2024-08-19,55090.09714885687
2024-08-20,54869.05750772529
2024-08-21,55165.14211404965
2024-08-22,53444.57519381095
2024-08-23,54762.6308596264
2024-08-26,53792.50942735576
2024-08-27,53246.73089065172
2024-08-28,52774.63154033157
2024-08-29,52846.94702988646
2024-08-30,53915.30876532222
2024-09-03,53436.38884887718
2024-09-04,54638.465742851055
2024-09-05,56106.60925707218
2024-09-06,53480.65007578872
2024-09-09,54221.5120166916
2024-09-10,55545.432121435704
2024-09-11,55807.54261575063
2024-09-12,56029.960360803845
2024-09-13,56092.872522984384
2024-09-16,55637.42444774622
2024-09-17,55777.44528419217
2024-09-18,55691.37737664807
2024-09-19,57817.74880576905
2024-09-20,57096.66500018386
2024-09-23,58576.03185684547
2024-09-24,59108.26451816439
2024-09-25,59447.60735905387
2024-09-26,59105.54936872973
2024-09-27,59860.229135308284
2024-09-30,60000.31839396055
2024-10-01,59572.40261923989
2024-10-02,58516.25128174262
2024-10-03,57545.012794213384
2024-10-04,58639.39845284671
2024-10-07,57564.76264498311
2024-10-08,57991.13145007959
2024-10-09,57590.321692501086
2024-10-10,57325.438629785654
2024-10-11,54889.210067330416
2024-10-14,55047.210646206106
2024-10-15,55095.39706944606
2024-10-16,55304.59139683583
2024-10-17,55251.715900649724
2024-10-18,55228.636203589966
2024-10-21,55001.53455762434
2024-10-22,54892.37533900693
2024-10-23,54350.984310064596
2024-10-24,60280.24954160924
2024-10-25,61392.17199086647
2024-10-28,60547.928053679
2024-10-29,60173.81629274211
2024-10-30,59929.79436781358
2024-10-31,58985.54383096717
2024-11-01,58879.921152922885
2024-11-04,58134.50110204474
2024-11-05,59178.57563372023
2024-11-06,63681.4469212765
2024-11-07,64698.81244034099
2024-11-08,67620.628369354
2024-11-11,71045.10260391403
2024-11-12,68511.26408486237
2024-11-13,68715.349312256
2024-11-14,66514.79771425077
2024-11-15,67605.21486536188
2024-11-18,69644.29186837596
2024-11-19,70457.59323909692
2024-11-20,70017.30190845007
2024-11-21,69754.89231652446
2024-11-22,71159.26321814288
2024-11-25,69655.94291865843
2024-11-26,69617.59205918523
2024-11-27,69048.69821877479
2024-11-29,70355.87536461887
2024-12-02,71626.83117056882
2024-12-03,71022.78237564127
2024-12-04,71709.38438666583
2024-12-05,72928.60756215456
2024-12-06,74988.70607515147
2024-12-09,75047.62791404023
2024-12-10,76193.79613633809
2024-12-11,78603.02508742202
2024-12-12,77934.02502065456
2024-12-13,79734.28221682235
2024-12-16,82367.84809450604
2024-12-17,84006.73511761654
2024-12-18,80178.83523978581
2024-12-19,79801.11377800869
2024-12-20,78374.2663787533
2024-12-23,79266.12613152206
2024-12-24,82227.77027497292
2024-12-26,81465.8577979181
2024-12-27,79386.2277071634
2024-12-30,78080.55881924674
2024-12-31,76837.19486331455
2025-01-02,74586.86330545033
2025-01-03,77441.92627590547
2025-01-06,77498.40874217858
2025-01-07,75952.97408939546
2025-01-08,76006.68160160212
2025-01-10,75987.96146340517
2025-01-13,76798.5473928534
2025-01-14,76134.52649378868
2025-01-15,79178.50911589689
2025-01-16,77802.69902969353
2025-01-17,79014.17605820697
2025-01-21,78782.008707528
2025-01-22,77925.94663616881
2025-01-23,77665.1177295009
2025-01-24,77110.97001602425
2025-01-27,76210.00581219004
2025-01-28,76299.81590858585
2025-01-29,75440.89059735066
2025-01-30,76509.05401447369
2025-01-31,76925.92768786551
2025-02-03,74907.18045192123
2025-02-04,75730.3114464494
2025-02-05,74361.91552452336
2025-02-06,73986.67756893818
2025-02-07,72736.15601766284
2025-02-10,71652.67986042364
2025-02-11,69417.65378540922
2025-02-12,70231.86082971908
2025-02-13,72227.69558392807
2025-02-14,72217.32282168858
2025-02-18,72036.1671995538
2025-02-19,72717.93813210494
2025-02-20,72066.82131147993
2025-02-21,70312.18871881423
2025-02-24,69543.74564763918
2025-02-25,66583.63021010367
2025-02-26,65289.08012826585
2025-02-27,64324.02979772416
2025-02-28,65539.93802562288
2025-03-03,64612.214653599
2025-03-04,63193.24709531436
2025-03-05,63996.145055184
2025-03-06,62198.26342832709
2025-03-07,62107.711212073744
2025-03-10,57354.86221282836
2025-03-11,58355.547656931376
2025-03-12,60457.603664599985
2025-03-13,59558.878721559086
2025-03-14,60698.56724207371
2025-03-17,59217.28224371957
2025-03-18,57645.66043585901
2025-03-19,58965.15759858988
2025-03-20,59015.68486109698
2025-03-21,60588.37144589293
2025-03-24,64337.55253416323
2025-03-25,65569.17335081598
2025-03-26,63537.94424517664
2025-03-27,63671.7560258468
2025-03-28,62473.70895025467
2025-03-31,61924.711218773824
2025-04-01,63087.738703372015
2025-04-02,64876.05441901172
2025-04-03,62940.17249746842
2025-04-04,59492.16589434001
2025-04-07,58731.99520137776
2025-04-08,57316.889938085624
2025-04-09,63617.02907740341
2025-04-10,61117.527283449424
2025-04-11,61106.1663844604
